-- Script para insersión de datos --

INSERT INTO Proveedor (Empresa, Nombre, Documento, Dirección, Teléfono) VALUES
('Jota Bikes S.A.', 'Juan Rodriguez', '43456709', 'Av. San Martin 1287, Montevideo', '094886438'),
('BikeParts', 'Mariano Lopez', '37654321', 'Av. Libertador 4563, Montevideo', '099490856'),
('Rockbros', 'Pedro Gonzalez', '49123456', 'Av. Agraciada 3423, Montevideo', '099446656'),
('Scott Montevideo', 'Laura Gomez', '47258369', 'Av. Rondeau 4644, Montevideo', '096548954'),
('The Bike Shop', 'Marcelo Fernandez', '52369741', 'Soriano 456, Montevideo', '098987954'),
('TrekBikes', 'Raul Suarez', '39852147', 'Bulevar Artigas 3467, Montevideo', '099008764'),
('Specialized', 'Florencia Martinez', '41852963', 'Av Burgues 2929, Montevideo', '099343454'),
('Bianchi', 'Luisa Perez', '35852741', 'Av de las Americas, Canelones', '099765494'),
('Cyclemania', 'Daniel Sanchez', '52913654', '18 de Julio 2356, Montevideo', '098765409'),
('ServicePro', 'Daniel Fernandez', '41369852', 'Buxareo 2356, Montevideo', '095689744');

INSERT INTO Cliente (Nombre, Apellido, Documento, Correo, Teléfono) VALUES
('Pedro', 'Gomez', '55852754', 'pedrog-147@gmail.com', '098756488'),
('Ana', 'Perez', '45096655', 'anisperez12@gmail.com', '098594253'),
('Laura', 'Gonzalez', '46096445', 'lauritag444@gmail.com', '092437891'),
('Carlos', 'Rodriguez', '47896455', 'Carlosrod15@gmail.com', '095675812'),
('Maria', 'Lopez', '45879655', 'Marilo18@gmail.com', '094123876'),
('Javier', 'Diaz', '45095655', 'javier1357@gmail.com', '098875342'),
('Silvia', 'Fernandez', '45876645', 'silvia@gmail.com', '095756209'),
('Juan', 'Martinez', '59052753', 'juan@gmail.com', '092765431'),
('Sara', 'Hernandez', '59092755', 'sara@gmail.com', '098456728'),
('Roberto', 'Perez', '59652795', 'roberto@gmail.com', '094239870'),
('Elena', 'Gomez', '53609345', 'elena@gmail.com', '098564321'),
('Miguel', 'Rodriguez', '39096754', 'miguel@gmail.com', '095689076'),
('Andrea', 'Lopez', '48765654', 'andrea@gmail.com', '092987654'),
('Carlos', 'Gonzalez', '45456652', 'carlos@gmail.com', '094345679'),
('Martha', 'Diaz', '43095555', 'martha@gmail.com', '098132645'),
('Jose', 'Fernandez', '31095455', 'jose@gmail.com', '095265438'),
('Lorena', 'Perez', '46022653', 'lorena@gmail.com', '092678945'),
('Daniel', 'Gomez', '34965555', 'daniel@gmail.com', '098876542'),
('Ana', 'Martinez', '49895445', 'ana@gmail.com', '094453782'),
('Julian', 'Gomez', '49893345', 'Juligomez14@gmail.com', '094453499');

INSERT INTO Supervisor (Nombre, Apellido, Documento, Teléfono, Dirección, Correo, id_Proveedor) VALUES
('Eduardo', 'Sanchez', '49875555', '098756488', 'Av. 18 de Julio 1234', 'eduardosa-34@gmail.com', 1),
('Laura', 'Gonzalez', '49809875', '098594253', 'Av. Italia 5678', 'laura_gonzalez1@gmail.com', 2),
('Roberto', 'Fernandez', '37759995', '092437891', 'Av. Agraciada 910', 'robfer25@gmail.com', 3),
('Miguel', 'Martinez', '34565996', '095675812', 'Bvar. Artigas 3456', 'miguemar@gmail.com', 4),
('Carla', 'Lopez', '45559879', '094123876', 'Av. General Flores 789', 'carla.lopez12@gmail.com', 5);

INSERT INTO Empleado (Nombre, Apellido, Documento, Rol, Dirección, Teléfono, id_Cliente, id_Supervisor) VALUES
('Carlos', 'Lopez', '35487132', 'Vendedor', 'Rambla República de México 2357', '098756488', 1, 1),
('María', 'Garcia', '23891547', 'Vendedor', 'Av. Italia 554', '098594253', 2, 2),
('Javier', 'Diaz', '14758936', 'Mecánico', 'Av. Agraciada 1212', '092437891', 3, 3),
('Laura', 'Gomez', '85236914', 'Vendedor', 'Bvar. Artigas 4465', '095675812', 4, 4),
('Pedro', 'Martinez', '69325478', 'Mecánico', 'Calle 18 de Julio 123', '094123876', 5, 5),
('Ana', 'Fernandez', '47182593', 'chofer', 'Av. General Flores 2828', '098875342', 6, 5),
('Luis', 'Perez', '61938475', 'Vendedor', 'Rambla República Argentina 2345', '095756209', 7, 4),
('Sara', 'Gonzalez', '28741596', 'Mecánico', 'Av. Luis Alberto de Herrera 456', '092765431', 8, 1),
('Roberto', 'Sanchez', '94528713', 'chofer', 'Bvar. España 1253', '098456728', 9, 3),
('Miguel', 'Lopez', '73815924', 'Mecánico', 'Rambla Republica de Chile 789', '094239870', 10, 2);

INSERT INTO Compra (Fecha, Precio_total, id_proveedor) VALUES
('2023-12-27', 6499.99, 1),  
('2024-04-24', 500.00, 2),   
('2024-04-28', 8999.99, 3),  
('2024-04-28', 6199.99, 4), 
('2024-04-28', 9000.00, 5),  
('2024-04-29', 8599.99, 6), 
('2024-04-30', 4000.00, 7),  
('2024-05-02', 7500.00, 8),  
('2024-05-02', 6000.00, 9),  
('2024-05-03', 500.00, 10),  
('2024-05-04', 7999.99, 1), 
('2024-05-06', 6199.99, 2),  
('2024-05-06', 6000.00, 3),  
('2024-05-07', 7500.00, 4), 
('2024-05-08', 500.00, 5),   
('2024-04-11', 7999.99, 6), 
('2024-04-11', 4197.99, 7),  
('2024-05-11', 7999.99, 8),  
('2024-05-03', 500.00, 9),   
('2024-05-03', 500.00, 10),
('2023-06-15', 799.99, 1),  
('2023-07-20', 20.00, 2),   
('2023-08-25', 30.00, 3),  
('2023-09-05', 25.00, 4), 
('2023-10-10', 10.00, 5),  
('2023-11-15', 15.00, 6), 
('2023-12-05', 8.00, 7),  
('2024-01-10', 40.00, 8),  
('2024-02-14', 50.00, 9),  
('2024-03-20', 30.00, 10),  
('2024-04-25', 20.00, 1), 
('2024-05-30', 5699.99, 2),  
('2024-06-20', 30.00, 3),  
('2024-07-15', 1300.00, 4), 
('2024-08-10', 2400.00, 5),   
('2024-09-05', 3700.00, 6), 
('2024-10-20', 4100.00, 7),  
('2024-11-15', 1800.00, 8),  
('2024-12-10', 50.00, 9),   
('2024-01-25', 3200.00, 10),
('2023-02-14', 150.00, 2),
('2023-03-10', 7999.99, 1),
('2023-04-18', 100.00, 3),
('2023-05-21', 3299.99, 2),
('2023-06-25', 4999.99, 4),
('2023-07-30', 3299.99, 3),
('2023-08-14', 20.00, 5),
('2023-09-18', 2599.99, 6),
('2023-10-25', 2999.99, 7),
('2023-11-18', 3199.99, 8);

INSERT INTO Detalle_Compra (Articulo, Cantidad, Precio_unitario, id_compra) VALUES
('Trek X-Caliber 8', 1, 799.99, 1),  
('Casco de Ciclismo', 1, 50.00, 1),
('Giant Defy Advanced Pro 0', 1, 3699.99, 2),  
('Luces LED', 1, 20.00, 2), 
('Specialized Stumpjumper Comp Carbon 29', 1, 3299.99, 3),  
('Bomba de Aire', 1, 30.00, 3), 
('Cannondale Synapse Carbon Disc Ultegra', 1, 3199.99, 4),  
('Guantes de Ciclismo', 1, 25.00, 4), 
('Santa Cruz Hightower C R', 1, 3999.99, 5),  
('Porta-bidón', 1, 10.00, 5),
('Trek Domane SL 6', 1, 2999.99, 6),  
('Cadena de Bicicleta', 1, 15.00, 6), 
('Giant Trance Advanced Pro 29 0', 1, 5599.99, 7),  
('Llave Allen', 1, 8.00, 7),
('Specialized Roubaix Sport', 1, 2399.99, 8),  
('Camiseta de Ciclismo', 1, 40.00, 8), 
('Cannondale Topstone Carbon Ultegra RX', 1, 3199.99, 9),  
('Sillín de Bicicleta', 1, 50.00, 9), 
('Santa Cruz Blur TR C S', 1, 3699.99, 10),  
('Pedales de Bicicleta', 1, 30.00, 10), 
('Trek Madone SL 6', 1, 5999.99, 11),  
('Cascos de Bicicleta para Niños', 1, 20.00, 11), 
('Giant Reign Advanced Pro 29 0', 1, 5699.99, 12),  
('Bidones para Bicicleta', 1, 5.00, 12), 
('Specialized Epic Comp', 1, 2599.99, 13),  
('Cámaras de Bicicleta', 1, 10.00, 13), 
('Cannondale SuperSix EVO Carbon Disc Ultegra', 1, 3799.99, 14),  
('Portabicicletas', 1, 100.00, 14), 
('Santa Cruz Nomad C R', 1, 3999.99, 15),  
('Portaequipajes para Bicicleta', 1, 50.00, 15), 
('Trek Slash 9.8', 1, 5599.99, 16),  
('Guardabarros para Bicicleta', 1, 15.00, 16), 
('Giant Anthem Advanced Pro 29 0', 1, 5699.99, 17),  
('Luz Trasera para Bicicleta', 1, 8.00, 17), 
('Specialized Diverge Comp Carbon', 1, 3599.99, 18),  
('Timbre de Bicicleta', 1, 4.00, 18), 
('Cannondale CAAD13 Disc Ultegra', 1, 2499.99, 19),  
('Candado para Bicicleta', 1, 20.00, 19), 
('Santa Cruz 5010 C S', 1, 3999.99, 20),  
('GPS para Bicicleta', 1, 150.00, 20),
('Trek Fuel EX 9.9 X01', 1, 7999.99, 21),  
('Casco de Ciclismo', 1, 50.00, 22), 
('Luces LED', 1, 20.00, 23), 
('Bomba de Aire', 1, 30.00, 24), 
('Guantes de Ciclismo', 1, 25.00, 25), 
('Porta-bidón', 1, 10.00, 26), 
('Cadena de Bicicleta', 1, 15.00, 27), 
('Llave Allen', 1, 8.00, 28), 
('Camiseta de Ciclismo', 1, 40.00, 29), 
('Sillín de Bicicleta', 1, 50.00, 30), 
('Pedales de Bicicleta', 1, 30.00, 31), 
('Cascos de Bicicleta para Niños', 1, 20.00, 32), 
('Bidones para Bicicleta', 1, 5.00, 33), 
('Cámaras de Bicicleta', 1, 10.00, 34), 
('Portabicicletas', 1, 100.00, 35), 
('Portaequipajes para Bicicleta', 1, 50.00, 36), 
('Guardabarros para Bicicleta', 1, 15.00, 37), 
('Luz Trasera para Bicicleta', 1, 8.00, 38), 
('Timbre de Bicicleta', 1, 4.00, 39), 
('Candado para Bicicleta', 1, 20.00, 40), 
('GPS para Bicicleta', 1, 150.00, 41);

INSERT INTO Accesorio (Nombre, Descripción, Precio, Stock, Img_Url, id_Proveedor) VALUES
('Casco de Ciclismo', 'Casco de ciclismo con protección para impactos.', 50.00, 100, 'https://example.com/casco-ciclismo.jpg', 1),
('Luces LED', 'Luces LED recargables para bicicletas.', 20.00, 150, 'https://example.com/luces-led.jpg', 2),
('Bomba de Aire', 'Bomba de aire portátil para inflar neumáticos.', 30.00, 80, 'https://example.com/bomba-aire.jpg', 3),
('Guantes de Ciclismo', 'Guantes acolchados para protección y agarre.', 25.00, 120, 'https://example.com/guantes-ciclismo.jpg', 4),
('Porta-bidón', 'Porta-bidón para transportar botellas de agua.', 10.00, 200, 'https://example.com/porta-bidon.jpg', 5),
('Cadena de Bicicleta', 'Cadena de bicicleta resistente y duradera.', 15.00, 100, 'https://example.com/cadena-bicicleta.jpg', 6),
('Llave Allen', 'Set de llaves Allen de diferentes tamaños.', 8.00, 150, 'https://example.com/llave-allen.jpg', 7),
('Camiseta de Ciclismo', 'Camiseta transpirable para ciclistas.', 40.00, 80, 'https://example.com/camiseta-ciclismo.jpg', 8),
('Sillín de Bicicleta', 'Sillín ergonómico para mayor comodidad.', 50.00, 60, 'https://example.com/sillin-bicicleta.jpg', 9),
('Pedales de Bicicleta', 'Pedales de bicicleta con agarre antideslizante.', 30.00, 100, 'https://example.com/pedales-bicicleta.jpg', 10),
('Cascos de Bicicleta para Niños', 'Cascos de bicicleta para niños en varios colores.', 20.00, 50, 'https://example.com/cascos-ninos.jpg', 1),
('Bidones para Bicicleta', 'Bidones para transportar líquidos durante el viaje.', 5.00, 200, 'https://example.com/bidones-bicicleta.jpg', 1),
('Cámaras de Bicicleta', 'Cámaras de bicicleta para reemplazo.', 10.00, 120, 'https://example.com/camaras-bicicleta.jpg', 3),
('Portabicicletas', 'Portabicicletas para transporte en vehículos.', 100.00, 30, 'https://example.com/portabicicletas.jpg', 3),
('Portaequipajes para Bicicleta', 'Portaequipajes para transportar carga.', 50.00, 50, 'https://example.com/portaequipajes-bicicleta.jpg', 8),
('Guardabarros para Bicicleta', 'Guardabarros para protección contra salpicaduras.', 15.00, 80, 'https://example.com/guardabarros-bicicleta.jpg', 8),
('Luz Trasera para Bicicleta', 'Luz trasera para visibilidad en la oscuridad.', 8.00, 100, 'https://example.com/luz-trasera-bicicleta.jpg', 7),
('Timbre de Bicicleta', 'Timbre de bicicleta para alertar a los peatones.', 4.00, 150, 'https://example.com/timbre-bicicleta.jpg', 8),
('Candado para Bicicleta', 'Candado resistente para asegurar la bicicleta.', 20.00, 70, 'https://example.com/candado-bicicleta.jpg', 9),
('GPS para Bicicleta', 'Dispositivo GPS para seguimiento y navegación.', 150.00, 20, 'https://example.com/gps-bicicleta.jpg', 2);

INSERT INTO Bicicleta (Marca, Modelo, Tipo, Precio, Stock, Talle, Img_Url, id_Proveedor) VALUES
('Trek', 'X-Caliber 8', 'Montaña', 799.99, 50, 'M', 'https://example.com/trek-x-caliber-8.jpg', 1),
('Giant', 'Defy Advanced Pro 0', 'Carretera', 3699.99, 30, 'L', 'https://example.com/giant-defy-advanced-pro-0.jpg', 1),
('Specialized', 'Stumpjumper Comp Carbon 29', 'Montaña', 3299.99, 20, 'S', 'https://example.com/specialized-stumpjumper-comp-carbon-29.jpg', 2),
('Cannondale', 'Synapse Carbon Disc Ultegra', 'Carretera', 3199.99, 25, 'M', 'https://example.com/cannondale-synapse-carbon-disc-ultegra.jpg', 3),
('Santa Cruz', 'Hightower C R', 'Montaña', 3999.99, 15, 'L', 'https://example.com/santa-cruz-hightower-c-r.jpg', 4),
('Trek', 'Domane SL 6', 'Carretera', 2999.99, 20, 'M', 'https://example.com/trek-domane-sl-6.jpg', 5),
('Giant', 'Trance Advanced Pro 29 0', 'Montaña', 5599.99, 10, 'L', 'https://example.com/giant-trance-advanced-pro-29-0.jpg', 6),
('Specialized', 'Roubaix Sport', 'Carretera', 2399.99, 30, 'M', 'https://example.com/specialized-roubaix-sport.jpg', 7),
('Cannondale', 'Topstone Carbon Ultegra RX', 'Gravel', 3199.99, 15, 'S', 'https://example.com/cannondale-topstone-carbon-ultegra-rx.jpg', 8),
('Santa Cruz', 'Blur TR C S', 'Montaña', 3699.99, 10, 'M', 'https://example.com/santa-cruz-blur-tr-c-s.jpg', 9),
('Trek', 'Madone SL 6', 'Carretera', 5999.99, 15, 'L', 'https://example.com/trek-madone-sl-6.jpg', 10),
('Giant', 'Reign Advanced Pro 29 0', 'Montaña', 5699.99, 8, 'M', 'https://example.com/giant-reign-advanced-pro-29-0.jpg', 4),
('Specialized', 'Epic Comp', 'Montaña', 2599.99, 12, 'S', 'https://example.com/specialized-epic-comp.jpg', 3),
('Cannondale', 'SuperSix EVO Carbon Disc Ultegra', 'Carretera', 3799.99, 18, 'M', 'https://example.com/cannondale-supersix-evo-carbon-disc-ultegra.jpg', 5),
('Santa Cruz', 'Nomad C R', 'Montaña', 3999.99, 10, 'L', 'https://example.com/santa-cruz-nomad-c-r.jpg', 5),
('Trek', 'Slash 9.8', 'Montaña', 5599.99, 8, 'M', 'https://example.com/trek-slash-9.8.jpg', 6),
('Giant', 'Anthem Advanced Pro 29 0', 'Montaña', 5699.99, 7, 'S', 'https://example.com/giant-anthem-advanced-pro-29-0.jpg', 6),
('Specialized', 'Diverge Comp Carbon', 'Gravel', 3599.99, 10, 'M', 'https://example.com/specialized-diverge-comp-carbon.jpg', 8),
('Cannondale', 'CAAD13 Disc Ultegra', 'Carretera', 2499.99, 20, 'L', 'https://example.com/cannondale-caad13-disc-ultegra.jpg', 8),
('Santa Cruz', '5010 C S', 'Montaña', 3999.99, 5, 'M', 'https://example.com/santa-cruz-5010-c-s.jpg', 2),
('Trek', 'Fuel EX 9.9 X01', 'Montaña', 7999.99, 5, 'L', 'https://example.com/trek-fuel-ex-9.9-x01.jpg', 2);

INSERT INTO Venta (Fecha, Precio_Total, id_Cliente, id_Empleado) VALUES
('2024-04-24', 5499.95, 1, 1),
('2024-04-25', 1300.00, 2, 2),
('2024-04-26', 3200.00, 3, 3),
('2024-04-27', 2360.00, 4, 4),
('2024-04-28', 3000.00, 5, 5),
('2024-04-29', 3200.00, 6, 6),
('2024-04-30', 1500.00, 7, 7),
('2024-05-01', 2740.00, 8, 8),
('2024-05-02', 2900.00, 9, 9),
('2024-05-03', 6000.00, 10, 10),
('2024-05-04', 7599.95, 1, 1),
('2024-05-05', 1140.00, 2, 2),
('2024-05-06', 4800.00, 3, 3),
('2024-05-07', 2200.00, 4, 4),
('2024-05-08', 1700.00, 5, 5),
('2024-05-09', 2799.99, 6, 6),
('2024-05-10', 1599.99, 7, 7),
('2024-05-11', 2699.99, 8, 8),
('2024-05-12', 1899.99, 9, 9),
('2024-05-13', 1799.99, 10, 10),
('2024-05-14', 1599.99, 1, 1),
('2024-05-15', 2899.99, 2, 2),
('2024-05-16', 2499.99, 3, 3),
('2024-05-17', 3799.99, 4, 4),
('2024-05-18', 1599.99, 5, 5),
('2024-05-19', 4599.99, 6, 6),
('2024-05-20', 3599.99, 7, 7),
('2024-05-21', 4799.99, 8, 8),
('2024-05-22', 2399.99, 9, 9),
('2024-05-23', 2999.99, 10, 10);

INSERT INTO Mantenimiento (Fecha_inicio, Fecha_devolucion, Detalle, Costo, id_Bicicleta, id_Cliente, id_Empleado) VALUES
('2024-05-05', '2024-05-08', 'Revisión y ajuste de frenos', 150.00, 1, 1, 3),
('2024-05-10', '2024-05-12', 'Cambio de cadena y engrase', 80.00, 3, 3, 5),
('2024-05-15', '2024-05-18', 'Alineación de ruedas y ajuste de cambios', 120.00, 2, 2, 8),
('2024-05-20', '2024-05-22', 'Reparación de pinchazo y cambio de neumático', 50.00, 5, 5, 10),
('2024-05-25', '2024-05-28', 'Limpieza general y ajuste de componentes', 100.00, 4, 4, 5),
('2024-05-30', '2024-06-02', 'Revisión de sistema de suspensión', 200.00, 6, 6, 3),
('2024-06-05', '2024-06-08', 'Reemplazo de cableado y ajuste de cambios', 90.00, 7, 7, 8),
('2024-06-10', '2024-06-12', 'Cambio de pastillas de freno y ajuste', 70.00, 8, 8, 10),
('2024-06-15', '2024-06-18', 'Reparación de pinchazo y ajuste de cadena', 60.00, 9, 9, 3),
('2024-06-20', '2024-06-22', 'Revisión de horquilla y engrase', 180.00, 10, 10, 3),
('2024-06-25', '2024-06-28', 'Ajuste de frenos y limpieza de componentes', 130.00, 11, 11, 8),
('2024-06-30', '2024-07-02', 'Revisión de sistema de dirección', 100.00, 12, 12, 5),
('2024-07-05', '2024-07-08', 'Reparación de pinchazo y ajuste de cambios', 70.00, 13, 13, 10),
('2024-07-10', '2024-07-12', 'Cambio de pastillas de freno y ajuste', 80.00, 14, 14, 3),
('2024-07-15', '2024-07-18', 'Revisión y ajuste de suspensión trasera', 160.00, 15, 15, 3),
('2024-07-20', '2024-07-22', 'Limpieza general y engrase de componentes', 120.00, 16, 16, 5),
('2024-07-25', '2024-07-28', 'Reemplazo de cableado y ajuste de cambios', 90.00, 17, 17, 8),
('2024-07-30', '2024-08-02', 'Reparación de pinchazo y ajuste de frenos', 60.00, 18, 18, 5),
('2024-08-05', '2024-08-08', 'Cambio de cadena y ajuste de componentes', 100.00, 19, 19, 10),
('2024-08-10', '2024-08-12', 'Revisión y engrase de horquilla', 80.00, 20, 20, 3);

INSERT INTO Detalle_Venta (Articulo, Cantidad, Precio_unitario, id_Venta, ID_Accesorio, id_Bicicleta, id_Mantenimiento) VALUES
('Bicicleta de Montaña', 5, 799.99, 1, 1, 1, 1),
('Casco de Ciclismo', 10, 50.00, 2, 2, 2, 2),
('Luces LED', 15, 20.00, 3, 3, 3, 3),
('Bomba de Aire', 8, 30.00, 4, 4, 4, 4),
('Guantes de Ciclismo', 12, 25.00, 5, 5, 5, 5),
('Porta-bidón', 20, 10.00, 6, 6, 6, 6),
('Cadena de Bicicleta', 10, 15.00, 7, 7, 7, 7),
('Llave Allen', 15, 8.00, 8, 8, 8, 8),
('Camiseta de Ciclismo', 8, 40.00, 9, 9, 9, 9),
('Sillín de Bicicleta', 5, 50.00, 10, 10, 10, 10),
('Candado de Bicicleta', 5, 20.00, 11, 11, 11, 11),
('GPS para Bicicleta', 3, 150.00, 12, 12, 12, 12),
('Cascos de Bicicleta para Niños', 7, 20.00, 13, 13, 13, 13),
('Bidones para Bicicleta', 9, 5.00, 14, 14, 14, 14),
('Cámaras de Bicicleta', 4, 10.00, 15, 15, 15, 15),
('Bicicleta de Montaña', 5, 799.99, 16, 1, 1, 1),
('Casco de Ciclismo', 10, 50.00, 17, 2, 2, 2),
('Luces LED', 15, 20.00, 18, 3, 3, 3),
('Bomba de Aire', 8, 30.00, 19, 4, 4, 4),
('Guantes de Ciclismo', 12, 25.00, 20, 5, 5, 5),
('Porta-bidón', 20, 10.00, 21, 6, 6, 6),
('Cadena de Bicicleta', 10, 15.00, 22, 7, 7, 7),
('Llave Allen', 15, 8.00, 23, 8, 8, 8),
('Camiseta de Ciclismo', 8, 40.00, 24, 9, 9, 9),
('Sillín de Bicicleta', 5, 50.00, 25, 10, 10, 10),
('Candado de Bicicleta', 5, 20.00, 26, 11, 11, 11),
('GPS para Bicicleta', 3, 150.00, 27, 12, 12, 12),
('Cascos de Bicicleta para Niños', 7, 20.00, 28, 13, 13, 13),
('Bidones para Bicicleta', 9, 5.00, 29, 14, 14, 14),
('Cámaras de Bicicleta', 4, 10.00, 30, 15, 15, 15);

INSERT INTO Reg_Actividad (Fecha, Actividad, Hs_extras, Salario, id_Empleado, id_Supervisor) VALUES
('2024-05-05', 'Mantenimiento de bicicletas', 2.5, 150.00, 3, 1),
('2024-05-06', 'Atención al cliente', 1.5, 100.00, 4, 2),
('2024-05-07', 'Inventario de productos', 3.0, 180.00, 5, 3),
('2024-05-08', 'Mantenimiento de bicicletas', 2.0, 120.00, 6, 4),
('2024-05-09', 'Atención al cliente', 1.0, 70.00, 7, 5),
('2024-05-10', 'Inventario de productos', 2.5, 150.00, 8, 1),
('2024-05-11', 'Mantenimiento de bicicletas', 3.5, 200.00, 9, 2),
('2024-05-12', 'Atención al cliente', 2.0, 130.00, 10, 3),
('2024-05-13', 'Inventario de productos', 2.0, 120.00, 10, 4),
('2024-05-14', 'Mantenimiento de bicicletas', 1.5, 90.00, 5, 5),
('2024-05-15', 'Atención al cliente', 2.5, 160.00, 9, 1),
('2024-05-16', 'Inventario de productos', 3.0, 180.00, 8, 2),
('2024-05-17', 'Mantenimiento de bicicletas', 2.0, 120.00, 8, 3),
('2024-05-18', 'Atención al cliente', 1.0, 70.00, 3, 4),
('2024-05-19', 'Inventario de productos', 2.5, 150.00, 5, 5),
('2024-05-20', 'Mantenimiento de bicicletas', 3.5, 200.00, 8, 1),
('2024-05-21', 'Atención al cliente', 2.0, 130.00, 1, 2),
('2024-05-22', 'Inventario de productos', 1.5, 90.00, 10, 3);